{
    "ENS": {
        "Hits@1": 0.3512774740600245,
        "Hits@3": 0.5148108892112017,
        "Hits@10": 0.6549425415597456,
        "MR": 126.64707687158318,
        "MRR": 0.45683332321976255,
        "RANK": 4540551
    }
}