{
    "DE_TransE": {
        "Hits@1": 0.09724804760133879,
        "Hits@3": 0.31164001487541837,
        "Hits@10": 0.48177761249535145,
        "MR": 133.6827817032354,
        "MRR": 0.23566917873523824,
        "RANK": 1437892
    },
    "DE_SimplE": {
        "Hits@1": 0.2455373744886575,
        "Hits@3": 0.38629602082558573,
        "Hits@10": 0.5255671253253997,
        "MR": 150.06889178133136,
        "MRR": 0.3420324544158893,
        "RANK": 1614141
    },
    "DE_DistMult": {
        "Hits@1": 0.218110821866865,
        "Hits@3": 0.3501301599107475,
        "Hits@10": 0.49209743399033096,
        "MR": 182.92822610635923,
        "MRR": 0.31171362270367586,
        "RANK": 1967576
    },
    "TERO": {
        "Hits@1": 0.264038676087765,
        "Hits@3": 0.44914466344365933,
        "Hits@10": 0.5912049088880624,
        "MR": 151.2169021941242,
        "MRR": 0.38091561836140714,
        "RANK": 1626489
    },
    "ATISE": {
        "Hits@1": 0.2501859427296393,
        "Hits@3": 0.404332465600595,
        "Hits@10": 0.5736333209371514,
        "MR": 181.74209743399032,
        "MRR": 0.3591572876124787,
        "RANK": 1954818
    }
}