{
    "DE_TransE": {
        "Hits@1": 0.09522481312060695,
        "Hits@3": 0.30522704451634497,
        "Hits@10": 0.47308378890996317,
        "MR": 128.09985495927702,
        "MRR": 0.2319057942206921,
        "RANK": 4592636
    },
    "DE_SimplE": {
        "Hits@1": 0.2415485886421957,
        "Hits@3": 0.38223808992524827,
        "Hits@10": 0.5241269664174941,
        "MR": 145.82171148053106,
        "MRR": 0.33861718868573143,
        "RANK": 5228000
    },
    "DE_DistMult": {
        "Hits@1": 0.2140187437241995,
        "Hits@3": 0.3492413254490684,
        "Hits@10": 0.4898750418386701,
        "MR": 172.61597679348432,
        "MRR": 0.30886639781489195,
        "RANK": 6188628
    },
    "TERO": {
        "Hits@1": 0.26718174718286286,
        "Hits@3": 0.4465022871806315,
        "Hits@10": 0.5924076760013388,
        "MR": 146.77981702554948,
        "MRR": 0.382223695622041,
        "RANK": 5262350
    },
    "ATISE": {
        "Hits@1": 0.2516456543568002,
        "Hits@3": 0.40131652348544017,
        "Hits@10": 0.5755885306259065,
        "MR": 181.1252649782439,
        "MRR": 0.3596313090536477,
        "RANK": 6493703
    }
}