{
    "ens": {
        "Hits@1": 0.03570100409074005,
        "Hits@3": 0.299739680178505,
        "Hits@10": 0.47238750464856827,
        "MR": 155.5723410189672,
        "MRR": 0.255609076867825,
        "RANK": 1673336.100000011
    }
}